<?xml version="1.0" encoding="UTF-8"?>
<CustomField xmlns="http://soap.sforce.com/2006/04/metadata">
    <fullName>HyperlinkToBasePositionRecord__c</fullName>
    <externalId>false</externalId>
    <formula>HYPERLINK( &quot;/&quot; &amp; Id , Name, &quot;_self&quot; )</formula>
    <formulaTreatBlanksAs>BlankAsZero</formulaTreatBlanksAs>
    <label>HyperlinkToBasePositionRecord</label>
    <required>false</required>
    <trackTrending>false</trackTrending>
    <type>Text</type>
    <unique>false</unique>
</CustomField>
