<?xml version="1.0" encoding="UTF-8"?>
<CustomField xmlns="http://soap.sforce.com/2006/04/metadata">
    <fullName>Position_Total_Days__c</fullName>
    <description>While it is open &quot;Day 0&quot; is considered 1 day in the position</description>
    <externalId>false</externalId>
    <formula>IF(NOT(ISBLANK(Position_Running_Close_Date__c)), (Position_Running_Close_Date__c - Position_Open_Date_Time__c), (DATEVALUE(TEXT(TODAY())) - DATEVALUE(TEXT(Position_Open_Date__c))) + 1)</formula>
    <label>Position Total Days</label>
    <precision>18</precision>
    <required>false</required>
    <scale>0</scale>
    <trackTrending>false</trackTrending>
    <type>Number</type>
    <unique>false</unique>
</CustomField>
