<?xml version="1.0" encoding="UTF-8"?>
<CustomField xmlns="http://soap.sforce.com/2006/04/metadata">
    <fullName>Total_Short_Position_Open_Current_Value__c</fullName>
    <inlineHelpText>The value from your brokerage account - how much is your short position worth right now?</inlineHelpText>
    <label>Total Short Position Open Current Value</label>
    <precision>10</precision>
    <required>false</required>
    <scale>2</scale>
    <trackTrending>false</trackTrending>
    <type>Currency</type>
</CustomField>
