<?xml version="1.0" encoding="UTF-8"?>
<Flow xmlns="http://soap.sforce.com/2006/04/metadata">
    <apiVersion>64.0</apiVersion>
    <areMetricsLoggedToDataCloud>false</areMetricsLoggedToDataCloud>
    <assignments>
        <name>Assign_Retrieved_Info_to_Variables</name>
        <label>Assign Retrieved Info to Variables</label>
        <locationX>0</locationX>
        <locationY>0</locationY>
        <assignmentItems>
            <assignToReference>varShortOptionExpirationDate</assignToReference>
            <operator>Assign</operator>
            <value>
                <elementReference>Return_Info_for_Base_Position.varOutShortPositionExpiration</elementReference>
            </value>
        </assignmentItems>
        <assignmentItems>
            <assignToReference>varShortOptionStrikePrice</assignToReference>
            <operator>Assign</operator>
            <value>
                <elementReference>Return_Info_for_Base_Position.varOutShortPositionStrike</elementReference>
            </value>
        </assignmentItems>
        <connector>
            <targetReference>Create_Sell_to_Open_Short_Option_Leg</targetReference>
        </connector>
    </assignments>
    <assignments>
        <name>Assign_Screen_Info_to_Variables</name>
        <label>Assign Screen Info to Variables</label>
        <locationX>0</locationX>
        <locationY>0</locationY>
        <assignmentItems>
            <assignToReference>varShortOptionExpirationDate</assignToReference>
            <operator>Assign</operator>
            <value>
                <elementReference>What_is_the_Expiration_Date_of_the_Initial_Top_Short_Position_Order</elementReference>
            </value>
        </assignmentItems>
        <assignmentItems>
            <assignToReference>varShortOptionStrikePrice</assignToReference>
            <operator>Assign</operator>
            <value>
                <elementReference>What_is_the_Strike_Price_of_the_Initial_Top_Short_Position_Order</elementReference>
            </value>
        </assignmentItems>
        <connector>
            <targetReference>Create_Sell_to_Open_Short_Option_Leg</targetReference>
        </connector>
    </assignments>
    <customProperties>
        <name>ScreenProgressIndicator</name>
        <value>
            <stringValue>{&quot;location&quot;:&quot;top&quot;,&quot;type&quot;:&quot;simple&quot;}</stringValue>
        </value>
    </customProperties>
    <decisions>
        <name>Check_if_Contracts_already_exist</name>
        <label>Check if Contracts already exist</label>
        <locationX>0</locationX>
        <locationY>0</locationY>
        <defaultConnector>
            <targetReference>Assign_Retrieved_Info_to_Variables</targetReference>
        </defaultConnector>
        <defaultConnectorLabel>Contracts Do Exist</defaultConnectorLabel>
        <rules>
            <name>Contracts_do_not_exist</name>
            <conditionLogic>and</conditionLogic>
            <conditions>
                <leftValueReference>Return_Info_for_Base_Position.varOutNumOpenShortContracts</leftValueReference>
                <operator>LessThan</operator>
                <rightValue>
                    <numberValue>1.0</numberValue>
                </rightValue>
            </conditions>
            <connector>
                <targetReference>Get_Initial_Short_Option_Opening_Position_Data</targetReference>
            </connector>
            <label>Contracts Do NOT exist</label>
        </rules>
    </decisions>
    <environments>Default</environments>
    <interviewLabel>Base Position - Open/Sell Short Option Top Position Contracts {!$Flow.CurrentDateTime}</interviewLabel>
    <label>Base Position - Open/Sell Short Option Top Position Contracts</label>
    <processMetadataValues>
        <name>BuilderType</name>
        <value>
            <stringValue>LightningFlowBuilder</stringValue>
        </value>
    </processMetadataValues>
    <processMetadataValues>
        <name>CanvasMode</name>
        <value>
            <stringValue>AUTO_LAYOUT_CANVAS</stringValue>
        </value>
    </processMetadataValues>
    <processMetadataValues>
        <name>OriginBuilderType</name>
        <value>
            <stringValue>LightningFlowBuilder</stringValue>
        </value>
    </processMetadataValues>
    <processType>Flow</processType>
    <recordCreates>
        <name>Create_Sell_to_Open_Short_Option_Leg</name>
        <label>Create Sell to Open Short Option Leg</label>
        <locationX>0</locationX>
        <locationY>0</locationY>
        <connector>
            <targetReference>Calculate_Extrinsic_for_STO_Leg</targetReference>
        </connector>
        <inputAssignments>
            <field>Base_Position__c</field>
            <value>
                <elementReference>varInBasePositionId</elementReference>
            </value>
        </inputAssignments>
        <inputAssignments>
            <field>Number_of_Contracts__c</field>
            <value>
                <elementReference>varInNumberOfContractsToOpen</elementReference>
            </value>
        </inputAssignments>
        <inputAssignments>
            <field>Option_Action__c</field>
            <value>
                <stringValue>Sell to Open</stringValue>
            </value>
        </inputAssignments>
        <inputAssignments>
            <field>Option_Expiration_Date__c</field>
            <value>
                <elementReference>varShortOptionExpirationDate</elementReference>
            </value>
        </inputAssignments>
        <inputAssignments>
            <field>Option_Strike__c</field>
            <value>
                <elementReference>varShortOptionStrikePrice</elementReference>
            </value>
        </inputAssignments>
        <object>Short_Option_Top_Position__c</object>
        <storeOutputAutomatically>true</storeOutputAutomatically>
    </recordCreates>
    <runInMode>DefaultMode</runInMode>
    <screens>
        <name>Get_Initial_Short_Option_Opening_Position_Data</name>
        <label>Get Initial Short Option Opening Position Data</label>
        <locationX>0</locationX>
        <locationY>0</locationY>
        <allowBack>true</allowBack>
        <allowFinish>true</allowFinish>
        <allowPause>true</allowPause>
        <connector>
            <targetReference>Assign_Screen_Info_to_Variables</targetReference>
        </connector>
        <fields>
            <name>Top_Short_Option_Position_Information</name>
            <fieldText>Top Short Option Position Information</fieldText>
            <fieldType>RegionContainer</fieldType>
            <fields>
                <name>Top_Short_Option_Position_Information_Column1</name>
                <fieldType>Region</fieldType>
                <fields>
                    <name>What_is_the_Strike_Price_of_the_Initial_Top_Short_Position_Order</name>
                    <dataType>Number</dataType>
                    <fieldText>What is the Strike Price of the Initial Top Short Position Order?</fieldText>
                    <fieldType>InputField</fieldType>
                    <inputsOnNextNavToAssocScrn>UseStoredValues</inputsOnNextNavToAssocScrn>
                    <isRequired>true</isRequired>
                    <scale>1</scale>
                    <styleProperties>
                        <verticalAlignment>
                            <stringValue>top</stringValue>
                        </verticalAlignment>
                        <width>
                            <stringValue>12</stringValue>
                        </width>
                    </styleProperties>
                </fields>
                <fields>
                    <name>What_is_the_Expiration_Date_of_the_Initial_Top_Short_Position_Order</name>
                    <dataType>Date</dataType>
                    <fieldText>What is the Expiration Date of the Initial Top Short Position Order?</fieldText>
                    <fieldType>InputField</fieldType>
                    <inputsOnNextNavToAssocScrn>UseStoredValues</inputsOnNextNavToAssocScrn>
                    <isRequired>true</isRequired>
                    <styleProperties>
                        <verticalAlignment>
                            <stringValue>top</stringValue>
                        </verticalAlignment>
                        <width>
                            <stringValue>12</stringValue>
                        </width>
                    </styleProperties>
                </fields>
                <inputParameters>
                    <name>width</name>
                    <value>
                        <stringValue>12</stringValue>
                    </value>
                </inputParameters>
                <isRequired>false</isRequired>
            </fields>
            <isRequired>false</isRequired>
            <regionContainerType>SectionWithHeader</regionContainerType>
            <styleProperties>
                <verticalAlignment>
                    <stringValue>top</stringValue>
                </verticalAlignment>
                <width>
                    <stringValue>12</stringValue>
                </width>
            </styleProperties>
        </fields>
        <showFooter>true</showFooter>
        <showHeader>true</showHeader>
    </screens>
    <start>
        <locationX>0</locationX>
        <locationY>0</locationY>
        <connector>
            <targetReference>Return_Info_for_Base_Position</targetReference>
        </connector>
    </start>
    <status>Active</status>
    <subflows>
        <name>Calculate_Extrinsic_for_STO_Leg</name>
        <label>Calculate Extrinsic for STO Leg</label>
        <locationX>0</locationX>
        <locationY>0</locationY>
        <flowName>Short_Option_Top_Position_Juice_Calculations</flowName>
        <inputAssignments>
            <name>recordId</name>
            <value>
                <elementReference>Create_Sell_to_Open_Short_Option_Leg</elementReference>
            </value>
        </inputAssignments>
        <outputAssignments>
            <assignToReference>varBTCDateOrderFilled</assignToReference>
            <name>varOutDateAndTimeOfOrder</name>
        </outputAssignments>
        <outputAssignments>
            <assignToReference>varBTCStockHighPrice</assignToReference>
            <name>varOutHighStockAtTimeOfOrder</name>
        </outputAssignments>
        <outputAssignments>
            <assignToReference>varBTCStockLowPrice</assignToReference>
            <name>varOutLowStockAtTimeOfOrder</name>
        </outputAssignments>
    </subflows>
    <subflows>
        <name>Return_Info_for_Base_Position</name>
        <label>Return Info for Base Position</label>
        <locationX>0</locationX>
        <locationY>0</locationY>
        <connector>
            <targetReference>Check_if_Contracts_already_exist</targetReference>
        </connector>
        <flowName>Base_Position_Return_Info_for_Base_Position</flowName>
        <inputAssignments>
            <name>varInBasePosition</name>
            <value>
                <elementReference>varInBasePositionId</elementReference>
            </value>
        </inputAssignments>
        <storeOutputAutomatically>true</storeOutputAutomatically>
    </subflows>
    <variables>
        <name>varBTCDateOrderFilled</name>
        <dataType>DateTime</dataType>
        <isCollection>false</isCollection>
        <isInput>false</isInput>
        <isOutput>false</isOutput>
    </variables>
    <variables>
        <name>varBTCStockHighPrice</name>
        <dataType>Currency</dataType>
        <isCollection>false</isCollection>
        <isInput>false</isInput>
        <isOutput>false</isOutput>
        <scale>2</scale>
    </variables>
    <variables>
        <name>varBTCStockLowPrice</name>
        <dataType>Currency</dataType>
        <isCollection>false</isCollection>
        <isInput>false</isInput>
        <isOutput>false</isOutput>
        <scale>2</scale>
    </variables>
    <variables>
        <name>varInBasePositionId</name>
        <dataType>String</dataType>
        <isCollection>false</isCollection>
        <isInput>true</isInput>
        <isOutput>false</isOutput>
    </variables>
    <variables>
        <name>varInNumberOfContractsToOpen</name>
        <dataType>Number</dataType>
        <isCollection>false</isCollection>
        <isInput>true</isInput>
        <isOutput>false</isOutput>
        <scale>0</scale>
    </variables>
    <variables>
        <name>varShortOptionExpirationDate</name>
        <dataType>Date</dataType>
        <isCollection>false</isCollection>
        <isInput>false</isInput>
        <isOutput>false</isOutput>
    </variables>
    <variables>
        <name>varShortOptionStrikePrice</name>
        <dataType>Number</dataType>
        <isCollection>false</isCollection>
        <isInput>false</isInput>
        <isOutput>false</isOutput>
        <scale>1</scale>
    </variables>
</Flow>
