<?xml version="1.0" encoding="UTF-8"?>
<Flow xmlns="http://soap.sforce.com/2006/04/metadata">
    <apiVersion>64.0</apiVersion>
    <areMetricsLoggedToDataCloud>false</areMetricsLoggedToDataCloud>
    <assignments>
        <name>Decrement_the_Number_of_Shares</name>
        <label>Decrement the Number of Shares</label>
        <locationX>0</locationX>
        <locationY>0</locationY>
        <assignmentItems>
            <assignToReference>varOutNumSharesOwned</assignToReference>
            <operator>Subtract</operator>
            <value>
                <elementReference>Loop_through_Stock_Share_Bottom_Position.Number_of_Shares__c</elementReference>
            </value>
        </assignmentItems>
        <connector>
            <targetReference>Loop_through_Stock_Share_Bottom_Position</targetReference>
        </connector>
    </assignments>
    <assignments>
        <name>Increment_the_Number_of_Shares</name>
        <label>Increment the Number of Shares</label>
        <locationX>0</locationX>
        <locationY>0</locationY>
        <assignmentItems>
            <assignToReference>varOutNumSharesOwned</assignToReference>
            <operator>Add</operator>
            <value>
                <elementReference>Loop_through_Stock_Share_Bottom_Position.Number_of_Shares__c</elementReference>
            </value>
        </assignmentItems>
        <connector>
            <targetReference>Loop_through_Stock_Share_Bottom_Position</targetReference>
        </connector>
    </assignments>
    <customProperties>
        <name>ScreenProgressIndicator</name>
        <value>
            <stringValue>{&quot;location&quot;:&quot;top&quot;,&quot;type&quot;:&quot;simple&quot;}</stringValue>
        </value>
    </customProperties>
    <decisions>
        <name>Is_this_a_Buy_Order</name>
        <label>Is this a Buy Order?</label>
        <locationX>0</locationX>
        <locationY>0</locationY>
        <defaultConnector>
            <targetReference>Decrement_the_Number_of_Shares</targetReference>
        </defaultConnector>
        <defaultConnectorLabel>Sell</defaultConnectorLabel>
        <rules>
            <name>Buy</name>
            <conditionLogic>and</conditionLogic>
            <conditions>
                <leftValueReference>Loop_through_Stock_Share_Bottom_Position.Stock_Share_Action__c</leftValueReference>
                <operator>EqualTo</operator>
                <rightValue>
                    <stringValue>Buy</stringValue>
                </rightValue>
            </conditions>
            <connector>
                <targetReference>Increment_the_Number_of_Shares</targetReference>
            </connector>
            <label>Buy</label>
        </rules>
    </decisions>
    <environments>Default</environments>
    <interviewLabel>Stock Share Bottom Position - Calculate Shares {!$Flow.CurrentDateTime}</interviewLabel>
    <label>Stock Share Bottom Position - Calculate Shares</label>
    <loops>
        <name>Loop_through_Stock_Share_Bottom_Position</name>
        <label>Loop through Stock Share Bottom Position</label>
        <locationX>0</locationX>
        <locationY>0</locationY>
        <collectionReference>Get_Stock_Share_Bottom_Position_Related_Records</collectionReference>
        <iterationOrder>Asc</iterationOrder>
        <nextValueConnector>
            <targetReference>Is_this_a_Buy_Order</targetReference>
        </nextValueConnector>
    </loops>
    <processMetadataValues>
        <name>BuilderType</name>
        <value>
            <stringValue>LightningFlowBuilder</stringValue>
        </value>
    </processMetadataValues>
    <processMetadataValues>
        <name>CanvasMode</name>
        <value>
            <stringValue>AUTO_LAYOUT_CANVAS</stringValue>
        </value>
    </processMetadataValues>
    <processMetadataValues>
        <name>OriginBuilderType</name>
        <value>
            <stringValue>LightningFlowBuilder</stringValue>
        </value>
    </processMetadataValues>
    <processType>Flow</processType>
    <recordLookups>
        <name>Get_Stock_Share_Bottom_Position_Related_Records</name>
        <label>Get Stock Share Bottom Position Related Records</label>
        <locationX>0</locationX>
        <locationY>0</locationY>
        <assignNullValuesIfNoRecordsFound>false</assignNullValuesIfNoRecordsFound>
        <connector>
            <targetReference>Loop_through_Stock_Share_Bottom_Position</targetReference>
        </connector>
        <filterLogic>and</filterLogic>
        <filters>
            <field>Base_Position__c</field>
            <operator>EqualTo</operator>
            <value>
                <elementReference>varInBasePositionId</elementReference>
            </value>
        </filters>
        <getFirstRecordOnly>false</getFirstRecordOnly>
        <object>Stock_Share_Bottom_Position__c</object>
        <storeOutputAutomatically>true</storeOutputAutomatically>
    </recordLookups>
    <runInMode>DefaultMode</runInMode>
    <start>
        <locationX>0</locationX>
        <locationY>0</locationY>
        <connector>
            <targetReference>Get_Stock_Share_Bottom_Position_Related_Records</targetReference>
        </connector>
    </start>
    <status>Active</status>
    <variables>
        <name>varInBasePositionId</name>
        <dataType>String</dataType>
        <isCollection>false</isCollection>
        <isInput>true</isInput>
        <isOutput>false</isOutput>
    </variables>
    <variables>
        <name>varOutNumSharesOwned</name>
        <dataType>Number</dataType>
        <isCollection>false</isCollection>
        <isInput>false</isInput>
        <isOutput>true</isOutput>
        <scale>0</scale>
        <value>
            <numberValue>0.0</numberValue>
        </value>
    </variables>
</Flow>
