<?xml version="1.0" encoding="UTF-8"?>
<Flow xmlns="http://soap.sforce.com/2006/04/metadata">
    <apiVersion>64.0</apiVersion>
    <areMetricsLoggedToDataCloud>false</areMetricsLoggedToDataCloud>
    <environments>Default</environments>
    <formulas>
        <name>formStockShareBottomPostionName</name>
        <dataType>String</dataType>
        <expression>{!$Record.Base_Position__r.Ticker_Symbol__c} &amp; &apos;-&apos; &amp; TEXT({!$Record.Stock_Share_Action__c})  &amp; &apos;-&apos; &amp; TEXT({!$Record.Number_of_Shares__c})</expression>
    </formulas>
    <interviewLabel>Stock Share Bottom Position - Generate Name {!$Flow.CurrentDateTime}</interviewLabel>
    <label>Stock Share Bottom Position - Generate Name</label>
    <processMetadataValues>
        <name>BuilderType</name>
        <value>
            <stringValue>LightningFlowBuilder</stringValue>
        </value>
    </processMetadataValues>
    <processMetadataValues>
        <name>CanvasMode</name>
        <value>
            <stringValue>AUTO_LAYOUT_CANVAS</stringValue>
        </value>
    </processMetadataValues>
    <processMetadataValues>
        <name>OriginBuilderType</name>
        <value>
            <stringValue>LightningFlowBuilder</stringValue>
        </value>
    </processMetadataValues>
    <processType>AutoLaunchedFlow</processType>
    <recordUpdates>
        <name>Stock_Share_bottom_Position_Set_Name</name>
        <label>Stock Share bottom Position Set Name</label>
        <locationX>0</locationX>
        <locationY>0</locationY>
        <inputAssignments>
            <field>Name</field>
            <value>
                <elementReference>formStockShareBottomPostionName</elementReference>
            </value>
        </inputAssignments>
        <inputReference>$Record</inputReference>
    </recordUpdates>
    <start>
        <locationX>0</locationX>
        <locationY>0</locationY>
        <connector>
            <targetReference>Stock_Share_bottom_Position_Set_Name</targetReference>
        </connector>
        <filterLogic>or</filterLogic>
        <filters>
            <field>Number_of_Shares__c</field>
            <operator>IsChanged</operator>
        </filters>
        <filters>
            <field>Stock_Share_Action__c</field>
            <operator>IsChanged</operator>
        </filters>
        <object>Stock_Share_Bottom_Position__c</object>
        <recordTriggerType>CreateAndUpdate</recordTriggerType>
        <triggerType>RecordAfterSave</triggerType>
    </start>
    <status>Active</status>
</Flow>
