<?xml version="1.0" encoding="UTF-8"?>
<CustomField xmlns="http://soap.sforce.com/2006/04/metadata">
    <fullName>Base_Position__c</fullName>
    <label>Base Position</label>
    <referenceTo>Base_Position__c</referenceTo>
    <relationshipLabel>Long Option Bottom Positions</relationshipLabel>
    <relationshipName>Long_Option_Bottom_Positions</relationshipName>
    <relationshipOrder>0</relationshipOrder>
    <reparentableMasterDetail>false</reparentableMasterDetail>
    <trackTrending>false</trackTrending>
    <type>MasterDetail</type>
    <writeRequiresMasterRead>false</writeRequiresMasterRead>
</CustomField>
