<?xml version="1.0" encoding="UTF-8"?>
<CustomField xmlns="http://soap.sforce.com/2006/04/metadata">
    <fullName>Long_Option_Order_Principal__c</fullName>
    <formula>Long_Option_Order_Fill_Price__c * 100 *  Long_Option_Number_of_Contracts__c *  Long_Option_Add_or_Subtract__c</formula>
    <formulaTreatBlanksAs>BlankAsZero</formulaTreatBlanksAs>
    <label>Long Option Order Principal</label>
    <precision>18</precision>
    <required>false</required>
    <scale>2</scale>
    <trackTrending>false</trackTrending>
    <type>Currency</type>
</CustomField>
