<?xml version="1.0" encoding="UTF-8"?>
<CustomField xmlns="http://soap.sforce.com/2006/04/metadata">
    <fullName>Long_Opt_Bottom_Position_Ticker_Symbol__c</fullName>
    <externalId>false</externalId>
    <formula>Base_Position__r.Ticker_Symbol__c</formula>
    <formulaTreatBlanksAs>BlankAsZero</formulaTreatBlanksAs>
    <label>Long Opt Bottom Position Ticker Symbol</label>
    <required>false</required>
    <trackTrending>false</trackTrending>
    <type>Text</type>
    <unique>false</unique>
</CustomField>
