<?xml version="1.0" encoding="UTF-8"?>
<CustomField xmlns="http://soap.sforce.com/2006/04/metadata">
    <fullName>Add_to_Contracts__c</fullName>
    <externalId>false</externalId>
    <formula>Number_of_Contracts__c *  Positive_Or_Negative_Multiplier__c</formula>
    <formulaTreatBlanksAs>BlankAsZero</formulaTreatBlanksAs>
    <label>Add to Contracts</label>
    <precision>18</precision>
    <required>false</required>
    <scale>0</scale>
    <trackTrending>false</trackTrending>
    <type>Number</type>
    <unique>false</unique>
</CustomField>
