<?xml version="1.0" encoding="UTF-8"?>
<CustomField xmlns="http://soap.sforce.com/2006/04/metadata">
    <fullName>Base_Position__c</fullName>
    <label>Base Position</label>
    <referenceTo>Base_Position__c</referenceTo>
    <relationshipLabel>Short Option Top Positions</relationshipLabel>
    <relationshipName>Short_Option_Top_Positions</relationshipName>
    <relationshipOrder>0</relationshipOrder>
    <reparentableMasterDetail>false</reparentableMasterDetail>
    <trackTrending>false</trackTrending>
    <type>MasterDetail</type>
    <writeRequiresMasterRead>true</writeRequiresMasterRead>
</CustomField>
