<?xml version="1.0" encoding="UTF-8"?>
<CustomField xmlns="http://soap.sforce.com/2006/04/metadata">
    <fullName>Option_Action__c</fullName>
    <label>Short Option Action</label>
    <required>false</required>
    <trackTrending>false</trackTrending>
    <type>Picklist</type>
    <valueSet>
        <restricted>true</restricted>
        <valueSetDefinition>
            <sorted>false</sorted>
            <value>
                <fullName>Sell to Open</fullName>
                <default>false</default>
                <label>Sell to Open</label>
            </value>
            <value>
                <fullName>Buy to Close</fullName>
                <default>false</default>
                <label>Buy to Close</label>
            </value>
        </valueSetDefinition>
    </valueSet>
</CustomField>
