<?xml version="1.0" encoding="UTF-8"?>
<CustomField xmlns="http://soap.sforce.com/2006/04/metadata">
    <fullName>Positive_Or_Negative_Multiplier__c</fullName>
    <externalId>false</externalId>
    <formula>IF( TEXT(Option_Action__c) = &apos;Sell to Open&apos; , 1, -1)</formula>
    <formulaTreatBlanksAs>BlankAsZero</formulaTreatBlanksAs>
    <label>Positive Or Negative Multiplier</label>
    <precision>18</precision>
    <required>false</required>
    <scale>0</scale>
    <trackTrending>false</trackTrending>
    <type>Number</type>
    <unique>false</unique>
</CustomField>
