<?xml version="1.0" encoding="UTF-8"?>
<CustomField xmlns="http://soap.sforce.com/2006/04/metadata">
    <fullName>Total_Extrinsic_at_Expiration_or_Roll__c</fullName>
    <formula>Extrinsic_Value_When_Order_Filled__c * 100 *  Number_of_Contracts__c *  Positive_Or_Negative_Multiplier__c</formula>
    <label>Total Extrinsic at Expiration or Roll</label>
    <precision>18</precision>
    <required>false</required>
    <scale>2</scale>
    <trackTrending>false</trackTrending>
    <type>Currency</type>
</CustomField>
