<?xml version="1.0" encoding="UTF-8"?>
<FlexiPage xmlns="http://soap.sforce.com/2006/04/metadata">
    <flexiPageRegions>
        <itemInstances>
            <fieldInstance>
                <fieldInstanceProperties>
                    <name>uiBehavior</name>
                    <value>none</value>
                </fieldInstanceProperties>
                <fieldItem>Record.Name</fieldItem>
                <identifier>RecordNameField2</identifier>
            </fieldInstance>
        </itemInstances>
        <name>Facet-07662020-33fb-42b3-8929-04e9b1a7f99b</name>
        <type>Facet</type>
    </flexiPageRegions>
    <flexiPageRegions>
        <itemInstances>
            <fieldInstance>
                <fieldInstanceProperties>
                    <name>uiBehavior</name>
                    <value>none</value>
                </fieldInstanceProperties>
                <fieldItem>Record.Stock_or_Long_Call__c</fieldItem>
                <identifier>RecordStock_or_Long_Call_cField2</identifier>
            </fieldInstance>
        </itemInstances>
        <itemInstances>
            <fieldInstance>
                <fieldInstanceProperties>
                    <name>uiBehavior</name>
                    <value>none</value>
                </fieldInstanceProperties>
                <fieldItem>Record.Ticker_Symbol__c</fieldItem>
                <identifier>RecordTicker_Symbol_cField2</identifier>
            </fieldInstance>
        </itemInstances>
        <itemInstances>
            <fieldInstance>
                <fieldInstanceProperties>
                    <name>uiBehavior</name>
                    <value>none</value>
                </fieldInstanceProperties>
                <fieldItem>Record.Position_Open_Date__c</fieldItem>
                <identifier>RecordPosition_Open_Date_cField</identifier>
            </fieldInstance>
        </itemInstances>
        <name>Facet-b5eeb19c-7d14-46da-ad28-4df54d1a2829</name>
        <type>Facet</type>
    </flexiPageRegions>
    <flexiPageRegions>
        <itemInstances>
            <componentInstance>
                <componentInstanceProperties>
                    <name>actionNames</name>
                    <valueList>
                        <valueListItems>
                            <value>Base_Position__c.Choices_for_Underlying_Long_Call</value>
                            <visibilityRule>
                                <criteria>
                                    <leftValue>{!Record.Stock_or_Long_Call__c}</leftValue>
                                    <operator>EQUAL</operator>
                                    <rightValue>Long Call Option</rightValue>
                                </criteria>
                            </visibilityRule>
                        </valueListItems>
                        <valueListItems>
                            <value>Base_Position__c.Choices_for_Underlying_Stock_Share</value>
                            <visibilityRule>
                                <criteria>
                                    <leftValue>{!Record.Stock_or_Long_Call__c}</leftValue>
                                    <operator>EQUAL</operator>
                                    <rightValue>Stock/Equity</rightValue>
                                </criteria>
                            </visibilityRule>
                        </valueListItems>
                        <valueListItems>
                            <value>Base_Position__c.Close_PMCC_Base_Position</value>
                            <visibilityRule>
                                <criteria>
                                    <leftValue>{!Record.Stock_or_Long_Call__c}</leftValue>
                                    <operator>EQUAL</operator>
                                    <rightValue>Long Call Option</rightValue>
                                </criteria>
                            </visibilityRule>
                        </valueListItems>
                        <valueListItems>
                            <value>Base_Position__c.Close_Base_Position_Covered_Call</value>
                            <visibilityRule>
                                <criteria>
                                    <leftValue>{!Record.Stock_or_Long_Call__c}</leftValue>
                                    <operator>EQUAL</operator>
                                    <rightValue>Stock/Equity</rightValue>
                                </criteria>
                            </visibilityRule>
                        </valueListItems>
                        <valueListItems>
                            <value>Base_Position__c.Update_Current_Market_Values</value>
                        </valueListItems>
                    </valueList>
                </componentInstanceProperties>
                <componentInstanceProperties>
                    <name>numVisibleActions</name>
                    <value>5</value>
                </componentInstanceProperties>
                <componentInstanceProperties>
                    <name>primaryField</name>
                    <value>Facet-07662020-33fb-42b3-8929-04e9b1a7f99b</value>
                </componentInstanceProperties>
                <componentInstanceProperties>
                    <name>secondaryFields</name>
                    <value>Facet-b5eeb19c-7d14-46da-ad28-4df54d1a2829</value>
                </componentInstanceProperties>
                <componentName>record_flexipage:dynamicHighlights</componentName>
                <identifier>record_flexipage_dynamicHighlights</identifier>
            </componentInstance>
        </itemInstances>
        <name>header</name>
        <type>Region</type>
    </flexiPageRegions>
    <flexiPageRegions>
        <itemInstances>
            <fieldInstance>
                <fieldInstanceProperties>
                    <name>uiBehavior</name>
                    <value>readonly</value>
                </fieldInstanceProperties>
                <fieldItem>Record.Ticker_Symbol__c</fieldItem>
                <identifier>RecordTicker_Symbol_cField</identifier>
            </fieldInstance>
        </itemInstances>
        <itemInstances>
            <fieldInstance>
                <fieldInstanceProperties>
                    <name>uiBehavior</name>
                    <value>readonly</value>
                </fieldInstanceProperties>
                <fieldItem>Record.Stock_or_Long_Call__c</fieldItem>
                <identifier>RecordStock_or_Long_Call_cField</identifier>
            </fieldInstance>
        </itemInstances>
        <itemInstances>
            <fieldInstance>
                <fieldInstanceProperties>
                    <name>uiBehavior</name>
                    <value>readonly</value>
                </fieldInstanceProperties>
                <fieldItem>Record.Base_Position_Status__c</fieldItem>
                <identifier>RecordBase_Position_Status_cField</identifier>
            </fieldInstance>
        </itemInstances>
        <name>Facet-4db43203-5ccc-4437-b769-f1e62572b497</name>
        <type>Facet</type>
    </flexiPageRegions>
    <flexiPageRegions>
        <name>Facet-e7347c0f-ba85-4e19-80b8-fb43c0c6291b</name>
        <type>Facet</type>
    </flexiPageRegions>
    <flexiPageRegions>
        <itemInstances>
            <componentInstance>
                <componentInstanceProperties>
                    <name>body</name>
                    <value>Facet-4db43203-5ccc-4437-b769-f1e62572b497</value>
                </componentInstanceProperties>
                <componentName>flexipage:column</componentName>
                <identifier>flexipage_column</identifier>
            </componentInstance>
        </itemInstances>
        <itemInstances>
            <componentInstance>
                <componentInstanceProperties>
                    <name>body</name>
                    <value>Facet-e7347c0f-ba85-4e19-80b8-fb43c0c6291b</value>
                </componentInstanceProperties>
                <componentName>flexipage:column</componentName>
                <identifier>flexipage_column2</identifier>
            </componentInstance>
        </itemInstances>
        <name>Facet-d0e8c885-fd13-4b32-9a59-b814bb1f9418</name>
        <type>Facet</type>
    </flexiPageRegions>
    <flexiPageRegions>
        <itemInstances>
            <fieldInstance>
                <fieldInstanceProperties>
                    <name>uiBehavior</name>
                    <value>readonly</value>
                </fieldInstanceProperties>
                <fieldItem>Record.Total_Long_Position_Current_Value__c</fieldItem>
                <identifier>RecordTotal_Long_Position_Current_Value_cField</identifier>
            </fieldInstance>
        </itemInstances>
        <name>Facet-9e1e6f37-2586-4922-9f47-87c0aae8d7ba</name>
        <type>Facet</type>
    </flexiPageRegions>
    <flexiPageRegions>
        <itemInstances>
            <fieldInstance>
                <fieldInstanceProperties>
                    <name>uiBehavior</name>
                    <value>readonly</value>
                </fieldInstanceProperties>
                <fieldItem>Record.Total_Short_Position_Open_Current_Value__c</fieldItem>
                <identifier>RecordTotal_Short_Position_Open_Current_Value_cField</identifier>
            </fieldInstance>
        </itemInstances>
        <name>Facet-5218ddec-4f00-47f2-a7ae-a98799e9c3ee</name>
        <type>Facet</type>
    </flexiPageRegions>
    <flexiPageRegions>
        <itemInstances>
            <componentInstance>
                <componentInstanceProperties>
                    <name>body</name>
                    <value>Facet-9e1e6f37-2586-4922-9f47-87c0aae8d7ba</value>
                </componentInstanceProperties>
                <componentName>flexipage:column</componentName>
                <identifier>flexipage_column7</identifier>
            </componentInstance>
        </itemInstances>
        <itemInstances>
            <componentInstance>
                <componentInstanceProperties>
                    <name>body</name>
                    <value>Facet-5218ddec-4f00-47f2-a7ae-a98799e9c3ee</value>
                </componentInstanceProperties>
                <componentName>flexipage:column</componentName>
                <identifier>flexipage_column8</identifier>
            </componentInstance>
        </itemInstances>
        <name>Facet-dcd88482-499f-4cd7-9e11-5955857b8284</name>
        <type>Facet</type>
    </flexiPageRegions>
    <flexiPageRegions>
        <itemInstances>
            <fieldInstance>
                <fieldInstanceProperties>
                    <name>uiBehavior</name>
                    <value>none</value>
                </fieldInstanceProperties>
                <fieldItem>Record.Total_Long_Position_Net_Debit__c</fieldItem>
                <identifier>RecordTotal_Long_Position_Net_Debit_cField</identifier>
            </fieldInstance>
        </itemInstances>
        <itemInstances>
            <fieldInstance>
                <fieldInstanceProperties>
                    <name>uiBehavior</name>
                    <value>none</value>
                </fieldInstanceProperties>
                <fieldItem>Record.Total_Long_Position_Profit_Loss__c</fieldItem>
                <identifier>RecordTotal_Long_Position_Profit_Loss_cField</identifier>
            </fieldInstance>
        </itemInstances>
        <name>Facet-d0e6994a-4349-4dab-a2c4-476f2be052da</name>
        <type>Facet</type>
    </flexiPageRegions>
    <flexiPageRegions>
        <itemInstances>
            <fieldInstance>
                <fieldInstanceProperties>
                    <name>uiBehavior</name>
                    <value>none</value>
                </fieldInstanceProperties>
                <fieldItem>Record.Total_Short_Option_Net_Credit__c</fieldItem>
                <identifier>RecordTotal_Short_Option_Order_Principal_cField</identifier>
            </fieldInstance>
        </itemInstances>
        <itemInstances>
            <fieldInstance>
                <fieldInstanceProperties>
                    <name>uiBehavior</name>
                    <value>none</value>
                </fieldInstanceProperties>
                <fieldItem>Record.Total_Short_Position_Profit_Loss__c</fieldItem>
                <identifier>RecordTotal_Short_Position_Profit_Loss_cField</identifier>
            </fieldInstance>
        </itemInstances>
        <name>Facet-6878d399-f9b5-4f15-87d0-ac7af1ec9dd6</name>
        <type>Facet</type>
    </flexiPageRegions>
    <flexiPageRegions>
        <itemInstances>
            <componentInstance>
                <componentInstanceProperties>
                    <name>body</name>
                    <value>Facet-d0e6994a-4349-4dab-a2c4-476f2be052da</value>
                </componentInstanceProperties>
                <componentName>flexipage:column</componentName>
                <identifier>flexipage_column3</identifier>
            </componentInstance>
        </itemInstances>
        <itemInstances>
            <componentInstance>
                <componentInstanceProperties>
                    <name>body</name>
                    <value>Facet-6878d399-f9b5-4f15-87d0-ac7af1ec9dd6</value>
                </componentInstanceProperties>
                <componentName>flexipage:column</componentName>
                <identifier>flexipage_column4</identifier>
            </componentInstance>
        </itemInstances>
        <name>Facet-8ed8f8d5-97c2-48a4-a213-c9fc0541ff1f</name>
        <type>Facet</type>
    </flexiPageRegions>
    <flexiPageRegions>
        <itemInstances>
            <fieldInstance>
                <fieldInstanceProperties>
                    <name>uiBehavior</name>
                    <value>none</value>
                </fieldInstanceProperties>
                <fieldItem>Record.Total_Overall_Profit_Loss__c</fieldItem>
                <identifier>RecordTotal_Overall_Profit_Loss_cField</identifier>
            </fieldInstance>
        </itemInstances>
        <itemInstances>
            <fieldInstance>
                <fieldInstanceProperties>
                    <name>uiBehavior</name>
                    <value>none</value>
                </fieldInstanceProperties>
                <fieldItem>Record.Total_Short_Extrinsic_Realized__c</fieldItem>
                <identifier>RecordTotal_Short_Juice_Squeezed_cField</identifier>
            </fieldInstance>
        </itemInstances>
        <itemInstances>
            <componentInstance>
                <componentName>flexipage:blankSpace</componentName>
                <identifier>flexipage_blankSpace5</identifier>
            </componentInstance>
        </itemInstances>
        <itemInstances>
            <fieldInstance>
                <fieldInstanceProperties>
                    <name>uiBehavior</name>
                    <value>none</value>
                </fieldInstanceProperties>
                <fieldItem>Record.Total_ROI_Current__c</fieldItem>
                <identifier>RecordTotal_ROI_cField</identifier>
            </fieldInstance>
        </itemInstances>
        <name>Facet-d00d0ac0-b55c-4b0c-a448-ebcbaf2c344c</name>
        <type>Facet</type>
    </flexiPageRegions>
    <flexiPageRegions>
        <itemInstances>
            <fieldInstance>
                <fieldInstanceProperties>
                    <name>uiBehavior</name>
                    <value>none</value>
                </fieldInstanceProperties>
                <fieldItem>Record.Total_Cost_Basis_of_Position__c</fieldItem>
                <identifier>RecordTotal_Cost_Basis_of_Position_cField</identifier>
            </fieldInstance>
        </itemInstances>
        <itemInstances>
            <fieldInstance>
                <fieldInstanceProperties>
                    <name>uiBehavior</name>
                    <value>readonly</value>
                </fieldInstanceProperties>
                <fieldItem>Record.Total_Initial_Capital_Invested__c</fieldItem>
                <identifier>RecordTotal_Initial_Capital_Invested_cField</identifier>
            </fieldInstance>
        </itemInstances>
        <itemInstances>
            <componentInstance>
                <componentName>flexipage:blankSpace</componentName>
                <identifier>flexipage_blankSpace</identifier>
            </componentInstance>
        </itemInstances>
        <itemInstances>
            <fieldInstance>
                <fieldInstanceProperties>
                    <name>uiBehavior</name>
                    <value>none</value>
                </fieldInstanceProperties>
                <fieldItem>Record.Total_ROI_Annualized__c</fieldItem>
                <identifier>RecordTotal_ROI_Annualized_cField</identifier>
            </fieldInstance>
        </itemInstances>
        <itemInstances>
            <componentInstance>
                <componentName>flexipage:blankSpace</componentName>
                <identifier>flexipage_blankSpace4</identifier>
            </componentInstance>
        </itemInstances>
        <name>Facet-038060e7-21a8-4870-bbef-aa69b6b900c6</name>
        <type>Facet</type>
    </flexiPageRegions>
    <flexiPageRegions>
        <itemInstances>
            <componentInstance>
                <componentInstanceProperties>
                    <name>body</name>
                    <value>Facet-d00d0ac0-b55c-4b0c-a448-ebcbaf2c344c</value>
                </componentInstanceProperties>
                <componentName>flexipage:column</componentName>
                <identifier>flexipage_column5</identifier>
            </componentInstance>
        </itemInstances>
        <itemInstances>
            <componentInstance>
                <componentInstanceProperties>
                    <name>body</name>
                    <value>Facet-038060e7-21a8-4870-bbef-aa69b6b900c6</value>
                </componentInstanceProperties>
                <componentName>flexipage:column</componentName>
                <identifier>flexipage_column6</identifier>
            </componentInstance>
        </itemInstances>
        <name>Facet-42acdf0d-0cfa-4688-bf79-7421f5fa384e</name>
        <type>Facet</type>
    </flexiPageRegions>
    <flexiPageRegions>
        <itemInstances>
            <fieldInstance>
                <fieldInstanceProperties>
                    <name>uiBehavior</name>
                    <value>none</value>
                </fieldInstanceProperties>
                <fieldItem>Record.Position_Open_Date__c</fieldItem>
                <identifier>RecordPosition_Open_Date__cField</identifier>
            </fieldInstance>
        </itemInstances>
        <itemInstances>
            <fieldInstance>
                <fieldInstanceProperties>
                    <name>uiBehavior</name>
                    <value>none</value>
                </fieldInstanceProperties>
                <fieldItem>Record.Position_Total_Days__c</fieldItem>
                <identifier>RecordPosition_Total_Days_cField</identifier>
            </fieldInstance>
        </itemInstances>
        <name>Facet-61cffca6-1b7b-48d5-ad8b-6edc5bf84d5e</name>
        <type>Facet</type>
    </flexiPageRegions>
    <flexiPageRegions>
        <itemInstances>
            <fieldInstance>
                <fieldInstanceProperties>
                    <name>uiBehavior</name>
                    <value>readonly</value>
                </fieldInstanceProperties>
                <fieldItem>Record.Position_Running_Close_Date__c</fieldItem>
                <identifier>RecordPosition_Running_Close_Date_cField</identifier>
            </fieldInstance>
        </itemInstances>
        <itemInstances>
            <fieldInstance>
                <fieldInstanceProperties>
                    <name>uiBehavior</name>
                    <value>none</value>
                </fieldInstanceProperties>
                <fieldItem>Record.Position_Total_Days_Periods_in_Year__c</fieldItem>
                <identifier>RecordPosition_Total_Days_Periods_in_Year_cField</identifier>
            </fieldInstance>
        </itemInstances>
        <name>Facet-0160841a-c654-48d5-96bc-25bc6288a1d3</name>
        <type>Facet</type>
    </flexiPageRegions>
    <flexiPageRegions>
        <itemInstances>
            <componentInstance>
                <componentInstanceProperties>
                    <name>body</name>
                    <value>Facet-61cffca6-1b7b-48d5-ad8b-6edc5bf84d5e</value>
                </componentInstanceProperties>
                <componentName>flexipage:column</componentName>
                <identifier>flexipage_column9</identifier>
            </componentInstance>
        </itemInstances>
        <itemInstances>
            <componentInstance>
                <componentInstanceProperties>
                    <name>body</name>
                    <value>Facet-0160841a-c654-48d5-96bc-25bc6288a1d3</value>
                </componentInstanceProperties>
                <componentName>flexipage:column</componentName>
                <identifier>flexipage_column10</identifier>
            </componentInstance>
        </itemInstances>
        <name>Facet-e2681103-a2fa-436c-b964-3acc1315493d</name>
        <type>Facet</type>
    </flexiPageRegions>
    <flexiPageRegions>
        <itemInstances>
            <componentInstance>
                <componentInstanceProperties>
                    <name>columns</name>
                    <value>Facet-d0e8c885-fd13-4b32-9a59-b814bb1f9418</value>
                </componentInstanceProperties>
                <componentInstanceProperties>
                    <name>horizontalAlignment</name>
                    <value>false</value>
                </componentInstanceProperties>
                <componentInstanceProperties>
                    <name>label</name>
                    <value>Base Position Info</value>
                </componentInstanceProperties>
                <componentName>flexipage:fieldSection</componentName>
                <identifier>flexipage_fieldSection</identifier>
            </componentInstance>
        </itemInstances>
        <itemInstances>
            <componentInstance>
                <componentInstanceProperties>
                    <name>columns</name>
                    <value>Facet-dcd88482-499f-4cd7-9e11-5955857b8284</value>
                </componentInstanceProperties>
                <componentInstanceProperties>
                    <name>horizontalAlignment</name>
                    <value>false</value>
                </componentInstanceProperties>
                <componentInstanceProperties>
                    <name>label</name>
                    <value>Base Position Manual Updates</value>
                </componentInstanceProperties>
                <componentName>flexipage:fieldSection</componentName>
                <identifier>flexipage_fieldSection4</identifier>
            </componentInstance>
        </itemInstances>
        <itemInstances>
            <componentInstance>
                <componentInstanceProperties>
                    <name>columns</name>
                    <value>Facet-8ed8f8d5-97c2-48a4-a213-c9fc0541ff1f</value>
                </componentInstanceProperties>
                <componentInstanceProperties>
                    <name>horizontalAlignment</name>
                    <value>false</value>
                </componentInstanceProperties>
                <componentInstanceProperties>
                    <name>label</name>
                    <value>Base Position Totals</value>
                </componentInstanceProperties>
                <componentName>flexipage:fieldSection</componentName>
                <identifier>flexipage_fieldSection2</identifier>
            </componentInstance>
        </itemInstances>
        <itemInstances>
            <componentInstance>
                <componentInstanceProperties>
                    <name>columns</name>
                    <value>Facet-42acdf0d-0cfa-4688-bf79-7421f5fa384e</value>
                </componentInstanceProperties>
                <componentInstanceProperties>
                    <name>horizontalAlignment</name>
                    <value>false</value>
                </componentInstanceProperties>
                <componentInstanceProperties>
                    <name>label</name>
                    <value>Base Position ROI Calculations</value>
                </componentInstanceProperties>
                <componentName>flexipage:fieldSection</componentName>
                <identifier>flexipage_fieldSection3</identifier>
            </componentInstance>
        </itemInstances>
        <itemInstances>
            <componentInstance>
                <componentInstanceProperties>
                    <name>columns</name>
                    <value>Facet-e2681103-a2fa-436c-b964-3acc1315493d</value>
                </componentInstanceProperties>
                <componentInstanceProperties>
                    <name>horizontalAlignment</name>
                    <value>false</value>
                </componentInstanceProperties>
                <componentInstanceProperties>
                    <name>label</name>
                    <value>Base Position Dates</value>
                </componentInstanceProperties>
                <componentName>flexipage:fieldSection</componentName>
                <identifier>flexipage_fieldSection5</identifier>
            </componentInstance>
        </itemInstances>
        <itemInstances>
            <componentInstance>
                <componentInstanceProperties>
                    <name>actionNames</name>
                    <valueList>
                        <valueListItems>
                            <value>New</value>
                        </valueListItems>
                    </valueList>
                </componentInstanceProperties>
                <componentInstanceProperties>
                    <name>maxRecordsToDisplay</name>
                    <value>10</value>
                </componentInstanceProperties>
                <componentInstanceProperties>
                    <name>parentFieldApiName</name>
                    <value>Base_Position__c.Id</value>
                </componentInstanceProperties>
                <componentInstanceProperties>
                    <name>relatedListApiName</name>
                    <value>Long_Option_Bottom_Positions__r</value>
                </componentInstanceProperties>
                <componentInstanceProperties>
                    <name>relatedListDisplayType</name>
                    <value>ADVGRID</value>
                </componentInstanceProperties>
                <componentInstanceProperties>
                    <name>relatedListFieldAliases</name>
                    <valueList>
                        <valueListItems>
                            <value>NAME</value>
                        </valueListItems>
                        <valueListItems>
                            <value>Long_Option_Action__c</value>
                        </valueListItems>
                        <valueListItems>
                            <value>Long_Option_Number_of_Contracts__c</value>
                        </valueListItems>
                        <valueListItems>
                            <value>Long_Option_Strike_Price__c</value>
                        </valueListItems>
                        <valueListItems>
                            <value>Long_Option_Expiration_Date__c</value>
                        </valueListItems>
                        <valueListItems>
                            <value>Long_Option_Order_Fill_Price__c</value>
                        </valueListItems>
                        <valueListItems>
                            <value>Long_Option_Order_Principal__c</value>
                        </valueListItems>
                    </valueList>
                </componentInstanceProperties>
                <componentInstanceProperties>
                    <name>relatedListLabel</name>
                    <value>Long Option Bottom Positions</value>
                </componentInstanceProperties>
                <componentInstanceProperties>
                    <name>showActionBar</name>
                    <value>true</value>
                </componentInstanceProperties>
                <componentInstanceProperties>
                    <name>sortFieldAlias</name>
                    <value>CREATED_DATE</value>
                </componentInstanceProperties>
                <componentInstanceProperties>
                    <name>sortFieldOrder</name>
                    <value>Descending</value>
                </componentInstanceProperties>
                <componentName>lst:dynamicRelatedList</componentName>
                <identifier>lst_dynamicRelatedList2</identifier>
                <visibilityRule>
                    <criteria>
                        <leftValue>{!Record.Stock_or_Long_Call__c}</leftValue>
                        <operator>EQUAL</operator>
                        <rightValue>Long Call Option</rightValue>
                    </criteria>
                </visibilityRule>
            </componentInstance>
        </itemInstances>
        <itemInstances>
            <componentInstance>
                <componentInstanceProperties>
                    <name>actionNames</name>
                    <valueList>
                        <valueListItems>
                            <value>New</value>
                        </valueListItems>
                    </valueList>
                </componentInstanceProperties>
                <componentInstanceProperties>
                    <name>adminFilters</name>
                </componentInstanceProperties>
                <componentInstanceProperties>
                    <name>maxRecordsToDisplay</name>
                    <value>10</value>
                </componentInstanceProperties>
                <componentInstanceProperties>
                    <name>parentFieldApiName</name>
                    <value>Base_Position__c.Id</value>
                </componentInstanceProperties>
                <componentInstanceProperties>
                    <name>relatedListApiName</name>
                    <value>Stock_Share_Bottom_Positions__r</value>
                </componentInstanceProperties>
                <componentInstanceProperties>
                    <name>relatedListDisplayType</name>
                    <value>ADVGRID</value>
                </componentInstanceProperties>
                <componentInstanceProperties>
                    <name>relatedListFieldAliases</name>
                    <valueList>
                        <valueListItems>
                            <value>NAME</value>
                        </valueListItems>
                        <valueListItems>
                            <value>Stock_Share_Action__c</value>
                        </valueListItems>
                        <valueListItems>
                            <value>Number_of_Shares__c</value>
                        </valueListItems>
                        <valueListItems>
                            <value>Stock_Share_Price__c</value>
                        </valueListItems>
                        <valueListItems>
                            <value>Stock_Share_Order_Principal__c</value>
                        </valueListItems>
                    </valueList>
                </componentInstanceProperties>
                <componentInstanceProperties>
                    <name>relatedListLabel</name>
                    <value>Stock Share Bottom Positions</value>
                </componentInstanceProperties>
                <componentInstanceProperties>
                    <name>showActionBar</name>
                    <value>true</value>
                </componentInstanceProperties>
                <componentInstanceProperties>
                    <name>sortFieldAlias</name>
                    <value>__DEFAULT__</value>
                </componentInstanceProperties>
                <componentInstanceProperties>
                    <name>sortFieldOrder</name>
                    <value>Default</value>
                </componentInstanceProperties>
                <componentName>lst:dynamicRelatedList</componentName>
                <identifier>lst_dynamicRelatedList3</identifier>
                <visibilityRule>
                    <criteria>
                        <leftValue>{!Record.Stock_or_Long_Call__c}</leftValue>
                        <operator>EQUAL</operator>
                        <rightValue>Stock/Equity</rightValue>
                    </criteria>
                </visibilityRule>
            </componentInstance>
        </itemInstances>
        <itemInstances>
            <componentInstance>
                <componentInstanceProperties>
                    <name>actionNames</name>
                    <valueList>
                        <valueListItems>
                            <value>New</value>
                        </valueListItems>
                    </valueList>
                </componentInstanceProperties>
                <componentInstanceProperties>
                    <name>maxRecordsToDisplay</name>
                    <value>10</value>
                </componentInstanceProperties>
                <componentInstanceProperties>
                    <name>parentFieldApiName</name>
                    <value>Base_Position__c.Id</value>
                </componentInstanceProperties>
                <componentInstanceProperties>
                    <name>relatedListApiName</name>
                    <value>Short_Option_Top_Positions__r</value>
                </componentInstanceProperties>
                <componentInstanceProperties>
                    <name>relatedListDisplayType</name>
                    <value>ADVGRID</value>
                </componentInstanceProperties>
                <componentInstanceProperties>
                    <name>relatedListFieldAliases</name>
                    <valueList>
                        <valueListItems>
                            <value>NAME</value>
                        </valueListItems>
                        <valueListItems>
                            <value>Option_Action__c</value>
                        </valueListItems>
                        <valueListItems>
                            <value>Number_of_Contracts__c</value>
                        </valueListItems>
                        <valueListItems>
                            <value>Option_Expiration_Date__c</value>
                        </valueListItems>
                        <valueListItems>
                            <value>Option_Strike__c</value>
                        </valueListItems>
                        <valueListItems>
                            <value>Total_Extrinsic_at_Expiration_or_Roll__c</value>
                        </valueListItems>
                        <valueListItems>
                            <value>Extrinsic_Value_When_Order_Filled__c</value>
                        </valueListItems>
                        <valueListItems>
                            <value>Stock_Price_Mid_Calculated__c</value>
                        </valueListItems>
                        <valueListItems>
                            <value>Option_Order_Principal__c</value>
                        </valueListItems>
                    </valueList>
                </componentInstanceProperties>
                <componentInstanceProperties>
                    <name>relatedListLabel</name>
                    <value>Short Option Top Positions</value>
                </componentInstanceProperties>
                <componentInstanceProperties>
                    <name>showActionBar</name>
                    <value>true</value>
                </componentInstanceProperties>
                <componentInstanceProperties>
                    <name>sortFieldAlias</name>
                    <value>CREATED_DATE</value>
                </componentInstanceProperties>
                <componentInstanceProperties>
                    <name>sortFieldOrder</name>
                    <value>Descending</value>
                </componentInstanceProperties>
                <componentName>lst:dynamicRelatedList</componentName>
                <identifier>lst_dynamicRelatedList</identifier>
            </componentInstance>
        </itemInstances>
        <name>main</name>
        <type>Region</type>
    </flexiPageRegions>
    <masterLabel>Base Position Record Page</masterLabel>
    <sobjectType>Base_Position__c</sobjectType>
    <template>
        <name>flexipage:recordHomeSingleColTemplateDesktop</name>
        <properties>
            <name>enablePageActionConfig</name>
            <value>false</value>
        </properties>
    </template>
    <type>RecordPage</type>
</FlexiPage>
