<?xml version="1.0" encoding="UTF-8"?>
<WebLink xmlns="http://soap.sforce.com/2006/04/metadata">
    <fullName>Open_New_Base_Position</fullName>
    <availability>online</availability>
    <displayType>massActionButton</displayType>
    <encodingKey>UTF-8</encodingKey>
    <height>600</height>
    <linkType>url</linkType>
    <masterLabel>Open New Base Position</masterLabel>
    <openType>sidebar</openType>
    <protected>false</protected>
    <requireRowSelection>true</requireRowSelection>
    <url>/flow/Base_Position_Open_Initial_Position</url>
</WebLink>
