<?xml version="1.0" encoding="UTF-8"?>
<CustomField xmlns="http://soap.sforce.com/2006/04/metadata">
    <fullName>Stock_Share_Add_or_Subtract__c</fullName>
    <externalId>false</externalId>
    <formula>IF(  ISPICKVAL(Stock_Share_Action__c, &apos;Buy&apos;), -1, 1)</formula>
    <formulaTreatBlanksAs>BlankAsZero</formulaTreatBlanksAs>
    <label>Stock Share Add or Subtract</label>
    <precision>18</precision>
    <required>false</required>
    <scale>0</scale>
    <trackTrending>false</trackTrending>
    <type>Number</type>
    <unique>false</unique>
</CustomField>
